<WizardReport xmlns="http://schemas.datacontract.org/2004/07/Microsoft.SqlServer.IntegrationServices.Wizard.Common.Model" xmlns:i="http://www.w3.org/2001/XMLSchema-instance"><Results><Children/><Header>Results</Header><ReportItems><SummaryReportItem><Message i:nil="true"/><Property>Preparing to import project</Property><Status>Success</Status><Value i:nil="true"/></SummaryReportItem><SummaryReportItem><Message i:nil="true"/><Property>Creating project</Property><Status>Success</Status><Value i:nil="true"/></SummaryReportItem><SummaryReportItem><Message i:nil="true"/><Property>Opening project</Property><Status>Success</Status><Value i:nil="true"/></SummaryReportItem></ReportItems></Results><Summary><ReportSection><Children/><Header>Source project details</Header><ReportItems><SummaryReportItem><Message/><Property>Deployment File</Property><Status>None</Status><Value i:type="a:string" xmlns:a="http://www.w3.org/2001/XMLSchema">ZTDataMigration.ispac</Value></SummaryReportItem><SummaryReportItem><Message/><Property>Deployment File directory</Property><Status>None</Status><Value i:type="a:string" xmlns:a="http://www.w3.org/2001/XMLSchema">C:\Users\Elijah\source\repos\ZTDataMigration\bin\Development</Value></SummaryReportItem></ReportItems></ReportSection><ReportSection><Children/><Header>Solution details</Header><ReportItems><SummaryReportItem><Message/><Property>New Solution</Property><Status>None</Status><Value i:type="a:string" xmlns:a="http://www.w3.org/2001/XMLSchema">ZTDMSSIS</Value></SummaryReportItem><SummaryReportItem><Message/><Property>Solution Directory</Property><Status>None</Status><Value i:type="a:string" xmlns:a="http://www.w3.org/2001/XMLSchema">C:\Users\Elijah\source\repos\ZTDMSSIS</Value></SummaryReportItem></ReportItems></ReportSection><ReportSection><Children/><Header>New project details</Header><ReportItems><SummaryReportItem><Message/><Property>New Project</Property><Status>None</Status><Value i:type="a:string" xmlns:a="http://www.w3.org/2001/XMLSchema">ZTDMSSIS</Value></SummaryReportItem><SummaryReportItem><Message/><Property>Project Directory</Property><Status>None</Status><Value i:type="a:string" xmlns:a="http://www.w3.org/2001/XMLSchema">C:\Users\Elijah\source\repos\ZTDMSSIS</Value></SummaryReportItem></ReportItems></ReportSection></Summary></WizardReport>