
<entities xmlns:xsd="http://www.w3.org/2001/XMLSchema" xmlns:xsi="http://www.w3.org/2001/XMLSchema-instance" timestamp="2021-07-08T10:50:57.5025016Z">
  <entity name="hsl_externalentitylist" displayname="External Entity List">
    <records>
      <record id="ac118e8d-d9df-eb11-bacb-0022483fe58d">
        <field name="createdby" value="49e0c6bc-f6c6-eb11-8235-000d3ad5f910" lookupentity="systemuser" lookupentityname="Deep Singh" />
        <field name="createdon" value="2021-07-08T10:45:05.0000000Z" />
        <field name="hsl_externalentitylistid" value="ac118e8d-d9df-eb11-bacb-0022483fe58d" />
        <field name="modifiedby" value="49e0c6bc-f6c6-eb11-8235-000d3ad5f910" lookupentity="systemuser" lookupentityname="Deep Singh" />
        <field name="modifiedon" value="2021-07-08T10:45:05.0000000Z" />
        <field name="hsl_name" value="Store" />
        <field name="organizationid" value="5d16ccc5-e036-4b7f-b0ce-3ec88e315672" lookupentity="organization" lookupentityname="ztdev" />
        <field name="statecode" value="0" />
        <field name="statuscode" value="1" />
      </record>
      <record id="b7118e8d-d9df-eb11-bacb-0022483fe58d">
        <field name="createdby" value="49e0c6bc-f6c6-eb11-8235-000d3ad5f910" lookupentity="systemuser" lookupentityname="Deep Singh" />
        <field name="createdon" value="2021-07-08T10:45:14.0000000Z" />
        <field name="hsl_externalentitylistid" value="b7118e8d-d9df-eb11-bacb-0022483fe58d" />
        <field name="modifiedby" value="49e0c6bc-f6c6-eb11-8235-000d3ad5f910" lookupentity="systemuser" lookupentityname="Deep Singh" />
        <field name="modifiedon" value="2021-07-08T10:45:14.0000000Z" />
        <field name="hsl_name" value="Sale Oppty" />
        <field name="organizationid" value="5d16ccc5-e036-4b7f-b0ce-3ec88e315672" lookupentity="organization" lookupentityname="ztdev" />
        <field name="statecode" value="0" />
        <field name="statuscode" value="1" />
      </record>
    </records>
    <m2mrelationships />
  </entity>
</entities>