{
    "$schema": "https://schema.management.azure.com/schemas/2019-04-01/deploymentTemplate.json#",
    "contentVersion": "1.0.0.0",
    "parameters": {
        "sites_datamigration_name": {
            "defaultValue": "datamigration",
            "type": "String"
        },
        "serverfarms_ASP_DataMigration_b441_externalid": {
            "defaultValue": "/subscriptions/c1fa3efe-4571-4198-bd36-c8feebf947c6/resourceGroups/Data-Migration/providers/Microsoft.Web/serverfarms/ASP-DataMigration-b441",
            "type": "String"
        }
    },
    "variables": {},
    "resources": [
        {
            "type": "Microsoft.Web/sites",
            "apiVersion": "2018-11-01",
            "name": "[parameters('sites_datamigration_name')]",
            "location": "UK South",
            "kind": "functionapp",
            "properties": {
                "enabled": true,
                "hostNameSslStates": [
                    {
                        "name": "[concat(parameters('sites_datamigration_name'), '.azurewebsites.net')]",
                        "sslState": "Disabled",
                        "hostType": "Standard"
                    },
                    {
                        "name": "[concat(parameters('sites_datamigration_name'), '.scm.azurewebsites.net')]",
                        "sslState": "Disabled",
                        "hostType": "Repository"
                    }
                ],
                "serverFarmId": "[parameters('serverfarms_ASP_DataMigration_b441_externalid')]",
                "reserved": false,
                "isXenon": false,
                "hyperV": false,
                "siteConfig": {
                    "numberOfWorkers": 1,
                    "alwaysOn": false,
                    "http20Enabled": false
                },
                "scmSiteAlsoStopped": false,
                "clientAffinityEnabled": false,
                "clientCertEnabled": false,
                "hostNamesDisabled": false,
                "containerSize": 1536,
                "dailyMemoryTimeQuota": 0,
                "httpsOnly": false,
                "redundancyMode": "None"
            }
        },
        {
            "type": "Microsoft.Web/sites/config",
            "apiVersion": "2018-11-01",
            "name": "[concat(parameters('sites_datamigration_name'), '/web')]",
            "location": "UK South",
            "dependsOn": [
                "[resourceId('Microsoft.Web/sites', parameters('sites_datamigration_name'))]"
            ],
            "properties": {
                "numberOfWorkers": 1,
                "defaultDocuments": [
                    "Default.htm",
                    "Default.html",
                    "Default.asp",
                    "index.htm",
                    "index.html",
                    "iisstart.htm",
                    "default.aspx",
                    "index.php"
                ],
                "netFrameworkVersion": "v4.0",
                "phpVersion": "5.6",
                "requestTracingEnabled": false,
                "remoteDebuggingEnabled": false,
                "httpLoggingEnabled": false,
                "logsDirectorySizeLimit": 35,
                "detailedErrorLoggingEnabled": false,
                "publishingUsername": "$datamigration",
                "azureStorageAccounts": {},
                "scmType": "None",
                "use32BitWorkerProcess": true,
                "webSocketsEnabled": false,
                "alwaysOn": false,
                "managedPipelineMode": "Integrated",
                "virtualApplications": [
                    {
                        "virtualPath": "/",
                        "physicalPath": "site\\wwwroot",
                        "preloadEnabled": false
                    }
                ],
                "loadBalancing": "LeastRequests",
                "experiments": {
                    "rampUpRules": []
                },
                "autoHealEnabled": false,
                "localMySqlEnabled": false,
                "ipSecurityRestrictions": [
                    {
                        "ipAddress": "Any",
                        "action": "Allow",
                        "priority": 1,
                        "name": "Allow all",
                        "description": "Allow all access"
                    }
                ],
                "scmIpSecurityRestrictions": [
                    {
                        "ipAddress": "Any",
                        "action": "Allow",
                        "priority": 1,
                        "name": "Allow all",
                        "description": "Allow all access"
                    }
                ],
                "scmIpSecurityRestrictionsUseMain": false,
                "http20Enabled": false,
                "minTlsVersion": "1.2",
                "ftpsState": "AllAllowed",
                "reservedInstanceCount": 0
            }
        },
        {
            "type": "Microsoft.Web/sites/deployments",
            "apiVersion": "2018-11-01",
            "name": "[concat(parameters('sites_datamigration_name'), '/16c64808c96b46d5b9123323f1aede89')]",
            "location": "UK South",
            "dependsOn": [
                "[resourceId('Microsoft.Web/sites', parameters('sites_datamigration_name'))]"
            ],
            "properties": {
                "status": 4,
                "author_email": "N/A",
                "author": "N/A",
                "deployer": "ZipDeploy",
                "message": "Created via a push deployment",
                "start_time": "2021-06-02T11:42:03.9554243Z",
                "end_time": "2021-06-02T11:42:05.941807Z",
                "active": true
            }
        },
        {
            "type": "Microsoft.Web/sites/deployments",
            "apiVersion": "2018-11-01",
            "name": "[concat(parameters('sites_datamigration_name'), '/19b64ecade054c8b9e8f783c2d64810f')]",
            "location": "UK South",
            "dependsOn": [
                "[resourceId('Microsoft.Web/sites', parameters('sites_datamigration_name'))]"
            ],
            "properties": {
                "status": 4,
                "author_email": "N/A",
                "author": "N/A",
                "deployer": "ZipDeploy",
                "message": "Created via a push deployment",
                "start_time": "2021-06-02T08:41:41.9102872Z",
                "end_time": "2021-06-02T08:41:43.3787644Z",
                "active": false
            }
        },
        {
            "type": "Microsoft.Web/sites/deployments",
            "apiVersion": "2018-11-01",
            "name": "[concat(parameters('sites_datamigration_name'), '/24f0c5a70a754bdd90e91b5998b6a356')]",
            "location": "UK South",
            "dependsOn": [
                "[resourceId('Microsoft.Web/sites', parameters('sites_datamigration_name'))]"
            ],
            "properties": {
                "status": 4,
                "author_email": "N/A",
                "author": "N/A",
                "deployer": "ZipDeploy",
                "message": "Created via a push deployment",
                "start_time": "2021-05-20T08:10:20.1646372Z",
                "end_time": "2021-05-20T08:10:23.2521907Z",
                "active": false
            }
        },
        {
            "type": "Microsoft.Web/sites/deployments",
            "apiVersion": "2018-11-01",
            "name": "[concat(parameters('sites_datamigration_name'), '/5117122ef41846daa90202d85e853e8a')]",
            "location": "UK South",
            "dependsOn": [
                "[resourceId('Microsoft.Web/sites', parameters('sites_datamigration_name'))]"
            ],
            "properties": {
                "status": 4,
                "author_email": "N/A",
                "author": "N/A",
                "deployer": "ZipDeploy",
                "message": "Created via a push deployment",
                "start_time": "2021-05-26T07:57:49.3773045Z",
                "end_time": "2021-05-26T07:57:50.7835623Z",
                "active": false
            }
        },
        {
            "type": "Microsoft.Web/sites/deployments",
            "apiVersion": "2018-11-01",
            "name": "[concat(parameters('sites_datamigration_name'), '/8a55a9ad4a2043fe80ca2b9903ec16f4')]",
            "location": "UK South",
            "dependsOn": [
                "[resourceId('Microsoft.Web/sites', parameters('sites_datamigration_name'))]"
            ],
            "properties": {
                "status": 4,
                "author_email": "N/A",
                "author": "N/A",
                "deployer": "ZipDeploy",
                "message": "Created via a push deployment",
                "start_time": "2021-06-02T09:00:03.8915906Z",
                "end_time": "2021-06-02T09:00:05.4853844Z",
                "active": false
            }
        },
        {
            "type": "Microsoft.Web/sites/deployments",
            "apiVersion": "2018-11-01",
            "name": "[concat(parameters('sites_datamigration_name'), '/8bfe40174e3244b19f86499f253e4481')]",
            "location": "UK South",
            "dependsOn": [
                "[resourceId('Microsoft.Web/sites', parameters('sites_datamigration_name'))]"
            ],
            "properties": {
                "status": 4,
                "author_email": "N/A",
                "author": "N/A",
                "deployer": "ZipDeploy",
                "message": "Created via a push deployment",
                "start_time": "2021-05-20T11:36:08.8721488Z",
                "end_time": "2021-05-20T11:36:11.5633695Z",
                "active": false
            }
        },
        {
            "type": "Microsoft.Web/sites/deployments",
            "apiVersion": "2018-11-01",
            "name": "[concat(parameters('sites_datamigration_name'), '/d5945ada749b42b89eb46f312bc530d9')]",
            "location": "UK South",
            "dependsOn": [
                "[resourceId('Microsoft.Web/sites', parameters('sites_datamigration_name'))]"
            ],
            "properties": {
                "status": 4,
                "author_email": "N/A",
                "author": "N/A",
                "deployer": "ZipDeploy",
                "message": "Created via a push deployment",
                "start_time": "2021-05-26T05:44:10.1297321Z",
                "end_time": "2021-05-26T05:44:11.8373408Z",
                "active": false
            }
        },
        {
            "type": "Microsoft.Web/sites/deployments",
            "apiVersion": "2018-11-01",
            "name": "[concat(parameters('sites_datamigration_name'), '/f5834065d8884fbca5efec0bcbd57145')]",
            "location": "UK South",
            "dependsOn": [
                "[resourceId('Microsoft.Web/sites', parameters('sites_datamigration_name'))]"
            ],
            "properties": {
                "status": 4,
                "author_email": "N/A",
                "author": "N/A",
                "deployer": "ZipDeploy",
                "message": "Created via a push deployment",
                "start_time": "2021-05-24T07:23:14.7988733Z",
                "end_time": "2021-05-24T07:23:16.736276Z",
                "active": false
            }
        },
        {
            "type": "Microsoft.Web/sites/deployments",
            "apiVersion": "2018-11-01",
            "name": "[concat(parameters('sites_datamigration_name'), '/f71434d1287d471787abf9e902f9448d')]",
            "location": "UK South",
            "dependsOn": [
                "[resourceId('Microsoft.Web/sites', parameters('sites_datamigration_name'))]"
            ],
            "properties": {
                "status": 4,
                "author_email": "N/A",
                "author": "N/A",
                "deployer": "ZipDeploy",
                "message": "Created via a push deployment",
                "start_time": "2021-05-26T04:00:49.6473194Z",
                "end_time": "2021-05-26T04:00:51.5843054Z",
                "active": false
            }
        },
        {
            "type": "Microsoft.Web/sites/deployments",
            "apiVersion": "2018-11-01",
            "name": "[concat(parameters('sites_datamigration_name'), '/ffafbaa5ddbd4fc0af90e93fb2c4c185')]",
            "location": "UK South",
            "dependsOn": [
                "[resourceId('Microsoft.Web/sites', parameters('sites_datamigration_name'))]"
            ],
            "properties": {
                "status": 4,
                "author_email": "N/A",
                "author": "N/A",
                "deployer": "ZipDeploy",
                "message": "Created via a push deployment",
                "start_time": "2021-05-20T05:55:17.9431126Z",
                "end_time": "2021-05-20T05:55:19.5921725Z",
                "active": false
            }
        },
        {
            "type": "Microsoft.Web/sites/functions",
            "apiVersion": "2018-11-01",
            "name": "[concat(parameters('sites_datamigration_name'), '/Function1')]",
            "location": "UK South",
            "dependsOn": [
                "[resourceId('Microsoft.Web/sites', parameters('sites_datamigration_name'))]"
            ],
            "properties": {
                "script_root_path_href": "https://datamigration.scm.azurewebsites.net/api/vfs/site/wwwroot/Function1/",
                "script_href": "https://datamigration.scm.azurewebsites.net/api/vfs/site/wwwroot/bin/DataMigrationAzureFunctionApp.dll",
                "config_href": "https://datamigration.scm.azurewebsites.net/api/vfs/site/wwwroot/Function1/function.json",
                "href": "https://datamigration.scm.azurewebsites.net/api/functions/Function1",
                "config": {},
                "test_data": "{\"method\":\"post\",\"queryStringParams\":[],\"headers\":[],\"body\":{\"body\":\"\"}}"
            }
        },
        {
            "type": "Microsoft.Web/sites/hostNameBindings",
            "apiVersion": "2018-11-01",
            "name": "[concat(parameters('sites_datamigration_name'), '/', parameters('sites_datamigration_name'), '.azurewebsites.net')]",
            "location": "UK South",
            "dependsOn": [
                "[resourceId('Microsoft.Web/sites', parameters('sites_datamigration_name'))]"
            ],
            "properties": {
                "siteName": "datamigration",
                "hostNameType": "Verified"
            }
        }
    ]
}