{
    "$schema": "https://schema.management.azure.com/schemas/2019-04-01/deploymentTemplate.json#",
    "contentVersion": "1.0.0.0",
    "parameters": {
        "workflows_DataMigration_Team_name": {
            "defaultValue": "DataMigration_Team",
            "type": "String"
        },
        "connections_commondataservice_externalid": {
            "defaultValue": "/subscriptions/c1fa3efe-4571-4198-bd36-c8feebf947c6/resourceGroups/LA_Resource/providers/Microsoft.Web/connections/commondataservice",
            "type": "String"
        },
        "connections_dynamicscrmonline_externalid": {
            "defaultValue": "/subscriptions/c1fa3efe-4571-4198-bd36-c8feebf947c6/resourceGroups/LA_Resource/providers/Microsoft.Web/connections/dynamicscrmonline",
            "type": "String"
        }
    },
    "variables": {},
    "resources": [
        {
            "type": "Microsoft.Logic/workflows",
            "apiVersion": "2017-07-01",
            "name": "[parameters('workflows_DataMigration_Team_name')]",
            "location": "uksouth",
            "properties": {
                "state": "Enabled",
                "definition": {
                    "$schema": "https://schema.management.azure.com/providers/Microsoft.Logic/schemas/2016-06-01/workflowdefinition.json#",
                    "contentVersion": "1.0.0.0",
                    "parameters": {
                        "$connections": {
                            "defaultValue": {},
                            "type": "Object"
                        }
                    },
                    "triggers": {
                        "Recurrence": {
                            "recurrence": {
                                "frequency": "Week",
                                "interval": 1,
                                "schedule": {
                                    "hours": [
                                        "13"
                                    ],
                                    "minutes": [
                                        35
                                    ],
                                    "weekDays": [
                                        "Wednesday"
                                    ]
                                },
                                "startTime": "2021-05-27T15:00:00",
                                "timeZone": "India Standard Time"
                            },
                            "type": "Recurrence"
                        }
                    },
                    "actions": {
                        "For_each": {
                            "foreach": "@body('List_rows')?['value']",
                            "actions": {
                                "Condition": {
                                    "actions": {
                                        "Create_a_new_record_(deprecated)": {
                                            "runAfter": {},
                                            "type": "ApiConnection",
                                            "inputs": {
                                                "body": {
                                                    "_membershiptype_label": "Members and guests",
                                                    "_regardingobjectid_type": "",
                                                    "_teamtype_label": "Owner",
                                                    "isdefault": false,
                                                    "name": "@items('For_each')?['name']",
                                                    "systemmanaged": false,
                                                    "teamtype": "@items('For_each')?['teamtype']"
                                                },
                                                "host": {
                                                    "connection": {
                                                        "name": "@parameters('$connections')['dynamicscrmonline']['connectionId']"
                                                    }
                                                },
                                                "method": "post",
                                                "path": "/datasets/@{encodeURIComponent(encodeURIComponent('unqfbf84799d1564ab79bdf740391a1f.crm8'))}/tables/@{encodeURIComponent(encodeURIComponent('teams'))}/items"
                                            }
                                        }
                                    },
                                    "runAfter": {
                                        "GetRecordName": [
                                            "Succeeded"
                                        ]
                                    },
                                    "else": {
                                        "actions": {
                                            "For_each_2": {
                                                "foreach": "@body('GetRecordName')?['value']",
                                                "actions": {
                                                    "Update_a_record_(deprecated)": {
                                                        "runAfter": {},
                                                        "type": "ApiConnection",
                                                        "inputs": {
                                                            "body": {
                                                                "_membershiptype_label": "",
                                                                "_regardingobjectid_type": "",
                                                                "_teamtype_label": "",
                                                                "name": "@items('For_each')?['name']"
                                                            },
                                                            "host": {
                                                                "connection": {
                                                                    "name": "@parameters('$connections')['dynamicscrmonline']['connectionId']"
                                                                }
                                                            },
                                                            "method": "patch",
                                                            "path": "/datasets/@{encodeURIComponent(encodeURIComponent('unqfbf84799d1564ab79bdf740391a1f.crm8'))}/tables/@{encodeURIComponent(encodeURIComponent('teams'))}/items/@{encodeURIComponent(encodeURIComponent(items('For_each_2')?['teamid']))}"
                                                        }
                                                    }
                                                },
                                                "runAfter": {},
                                                "type": "Foreach"
                                            }
                                        }
                                    },
                                    "expression": {
                                        "and": [
                                            {
                                                "equals": [
                                                    "@length(outputs('GetRecordName')?['body/value'])",
                                                    0
                                                ]
                                            }
                                        ]
                                    },
                                    "type": "If"
                                },
                                "GetRecordName": {
                                    "runAfter": {},
                                    "type": "ApiConnection",
                                    "inputs": {
                                        "host": {
                                            "connection": {
                                                "name": "@parameters('$connections')['commondataservice']['connectionId']"
                                            }
                                        },
                                        "method": "get",
                                        "path": "/v2/datasets/@{encodeURIComponent(encodeURIComponent('https://zrrcrmuat1.crm8.dynamics.com'))}/tables/@{encodeURIComponent(encodeURIComponent('teams'))}/items",
                                        "queries": {
                                            "$filter": "name eq '@{items('For_each')?['name']}'"
                                        }
                                    }
                                }
                            },
                            "runAfter": {
                                "List_rows": [
                                    "Succeeded"
                                ]
                            },
                            "type": "Foreach"
                        },
                        "List_rows": {
                            "runAfter": {},
                            "type": "ApiConnection",
                            "inputs": {
                                "host": {
                                    "connection": {
                                        "name": "@parameters('$connections')['commondataservice']['connectionId']"
                                    }
                                },
                                "method": "get",
                                "path": "/v2/datasets/@{encodeURIComponent(encodeURIComponent('https://zrcrmdev1.crm8.dynamics.com'))}/tables/@{encodeURIComponent(encodeURIComponent('teams'))}/items"
                            }
                        }
                    },
                    "outputs": {}
                },
                "parameters": {
                    "$connections": {
                        "value": {
                            "commondataservice": {
                                "connectionId": "[parameters('connections_commondataservice_externalid')]",
                                "connectionName": "commondataservice",
                                "id": "/subscriptions/c1fa3efe-4571-4198-bd36-c8feebf947c6/providers/Microsoft.Web/locations/uksouth/managedApis/commondataservice"
                            },
                            "dynamicscrmonline": {
                                "connectionId": "[parameters('connections_dynamicscrmonline_externalid')]",
                                "connectionName": "dynamicscrmonline",
                                "id": "/subscriptions/c1fa3efe-4571-4198-bd36-c8feebf947c6/providers/Microsoft.Web/locations/uksouth/managedApis/dynamicscrmonline"
                            }
                        }
                    }
                }
            }
        }
    ]
}