<ImportExportXml version="9.2.21062.128" SolutionPackageVersion="9.2" languagecode="1033" generatedBy="CrmLive" xmlns:xsi="http://www.w3.org/2001/XMLSchema-instance">
  <SolutionManifest>
    <UniqueName>SampleApplication</UniqueName>
    <LocalizedNames>
      <LocalizedName description="Sample Application" languagecode="1033" />
    </LocalizedNames>
    <Descriptions />
    <Version>1.0.0.0</Version>
    <Managed>0</Managed>
    <Publisher>
      <UniqueName>hsl</UniqueName>
      <LocalizedNames>
        <LocalizedName description="hsl" languagecode="1033" />
      </LocalizedNames>
      <Descriptions />
      <EMailAddress xsi:nil="true"></EMailAddress>
      <SupportingWebsiteUrl xsi:nil="true"></SupportingWebsiteUrl>
      <CustomizationPrefix>hsl</CustomizationPrefix>
      <CustomizationOptionValuePrefix>10000</CustomizationOptionValuePrefix>
      <Addresses>
        <Address>
          <AddressNumber>1</AddressNumber>
          <AddressTypeCode>1</AddressTypeCode>
          <City xsi:nil="true"></City>
          <County xsi:nil="true"></County>
          <Country xsi:nil="true"></Country>
          <Fax xsi:nil="true"></Fax>
          <FreightTermsCode xsi:nil="true"></FreightTermsCode>
          <ImportSequenceNumber xsi:nil="true"></ImportSequenceNumber>
          <Latitude xsi:nil="true"></Latitude>
          <Line1 xsi:nil="true"></Line1>
          <Line2 xsi:nil="true"></Line2>
          <Line3 xsi:nil="true"></Line3>
          <Longitude xsi:nil="true"></Longitude>
          <Name xsi:nil="true"></Name>
          <PostalCode xsi:nil="true"></PostalCode>
          <PostOfficeBox xsi:nil="true"></PostOfficeBox>
          <PrimaryContactName xsi:nil="true"></PrimaryContactName>
          <ShippingMethodCode>1</ShippingMethodCode>
          <StateOrProvince xsi:nil="true"></StateOrProvince>
          <Telephone1 xsi:nil="true"></Telephone1>
          <Telephone2 xsi:nil="true"></Telephone2>
          <Telephone3 xsi:nil="true"></Telephone3>
          <TimeZoneRuleVersionNumber xsi:nil="true"></TimeZoneRuleVersionNumber>
          <UPSZone xsi:nil="true"></UPSZone>
          <UTCOffset xsi:nil="true"></UTCOffset>
          <UTCConversionTimeZoneCode xsi:nil="true"></UTCConversionTimeZoneCode>
        </Address>
        <Address>
          <AddressNumber>2</AddressNumber>
          <AddressTypeCode>1</AddressTypeCode>
          <City xsi:nil="true"></City>
          <County xsi:nil="true"></County>
          <Country xsi:nil="true"></Country>
          <Fax xsi:nil="true"></Fax>
          <FreightTermsCode xsi:nil="true"></FreightTermsCode>
          <ImportSequenceNumber xsi:nil="true"></ImportSequenceNumber>
          <Latitude xsi:nil="true"></Latitude>
          <Line1 xsi:nil="true"></Line1>
          <Line2 xsi:nil="true"></Line2>
          <Line3 xsi:nil="true"></Line3>
          <Longitude xsi:nil="true"></Longitude>
          <Name xsi:nil="true"></Name>
          <PostalCode xsi:nil="true"></PostalCode>
          <PostOfficeBox xsi:nil="true"></PostOfficeBox>
          <PrimaryContactName xsi:nil="true"></PrimaryContactName>
          <ShippingMethodCode>1</ShippingMethodCode>
          <StateOrProvince xsi:nil="true"></StateOrProvince>
          <Telephone1 xsi:nil="true"></Telephone1>
          <Telephone2 xsi:nil="true"></Telephone2>
          <Telephone3 xsi:nil="true"></Telephone3>
          <TimeZoneRuleVersionNumber xsi:nil="true"></TimeZoneRuleVersionNumber>
          <UPSZone xsi:nil="true"></UPSZone>
          <UTCOffset xsi:nil="true"></UTCOffset>
          <UTCConversionTimeZoneCode xsi:nil="true"></UTCConversionTimeZoneCode>
        </Address>
      </Addresses>
    </Publisher>
    <RootComponents>
      <RootComponent type="1" schemaName="account" behavior="0" />
      <RootComponent type="1" schemaName="hsl_configsetting" behavior="0" />
      <RootComponent type="1" schemaName="hsl_type" behavior="0" />
      <RootComponent type="60" id="{15915835-b87c-49ec-9ffc-bfac3ac44ef1}" />
    </RootComponents>
    <MissingDependencies>
      <MissingDependency>
        <Required type="1" schemaName="adx_invitation" displayName="Invitation" solution="MicrosoftPortalBase (9.2.2103.1)" />
        <Dependent type="1" schemaName="account" displayName="Account" />
      </MissingDependency>
      <MissingDependency>
        <Required type="1" schemaName="bookableresource" displayName="Bookable Resource" solution="msdynce_Scheduling (9.0.0.0)" />
        <Dependent type="10" schemaName="msdyn_bookableresource_account_PreferredResource" displayName="msdyn_bookableresource_account_PreferredResource" parentSchemaName="bookableresource" parentDisplayName="Bookable Resource" />
      </MissingDependency>
      <MissingDependency>
        <Required type="1" schemaName="incident" displayName="Case" solution="msdynce_Service (9.0.5.56)" />
        <Dependent type="1" schemaName="account" displayName="Account" />
      </MissingDependency>
      <MissingDependency>
        <Required type="1" schemaName="incident" displayName="Case" solution="msdynce_Service (9.0.5.56)" />
        <Dependent type="60" displayName="Account for Multisession experience" parentDisplayName="Account" id="{ff49442f-8c60-4877-bdae-8fe51e6f4636}" />
      </MissingDependency>
      <MissingDependency>
        <Required type="1" schemaName="msdyn_accountpricelist" displayName="Account Project Price List" solution="ProjectService (3.10.0.31)" />
        <Dependent type="1" schemaName="account" displayName="Account" />
      </MissingDependency>
      <MissingDependency>
        <Required type="1" schemaName="msdyn_actual" displayName="Actual" solution="MicrosoftDynamicsScheduling (3.12.0.448)" />
        <Dependent type="1" schemaName="account" displayName="Account" />
      </MissingDependency>
      <MissingDependency>
        <Required type="1" schemaName="msdyn_agreement" displayName="Agreement" solution="FieldService (8.8.0.88)" />
        <Dependent type="1" schemaName="account" displayName="Account" />
      </MissingDependency>
      <MissingDependency>
        <Required type="1" schemaName="msdyn_customerasset" displayName="Customer Asset" solution="msdyn_AssetCommon (1.0.7.102)" />
        <Dependent type="1" schemaName="account" displayName="Account" />
      </MissingDependency>
      <MissingDependency>
        <Required type="1" schemaName="msdyn_entitlementapplication" displayName="Entitlement Application" solution="FieldService (8.8.0.88)" />
        <Dependent type="1" schemaName="account" displayName="Account" />
      </MissingDependency>
      <MissingDependency>
        <Required type="1" schemaName="msdyn_estimateline" displayName="Estimate Line" solution="ProjectService (3.10.0.31)" />
        <Dependent type="1" schemaName="account" displayName="Account" />
      </MissingDependency>
      <MissingDependency>
        <Required type="1" schemaName="msdyn_fact" displayName="Fact" solution="ProjectService (3.10.0.31)" />
        <Dependent type="1" schemaName="account" displayName="Account" />
      </MissingDependency>
      <MissingDependency>
        <Required type="1" schemaName="msdyn_geofence" displayName="Geofence" solution="msdyn_Geofencing (1.1.0.100)" />
        <Dependent type="1" schemaName="account" displayName="Account" />
      </MissingDependency>
      <MissingDependency>
        <Required type="1" schemaName="msdyn_invoicelinetransaction" displayName="Invoice Line Detail" solution="ProjectService (3.10.0.31)" />
        <Dependent type="1" schemaName="account" displayName="Account" />
      </MissingDependency>
      <MissingDependency>
        <Required type="1" schemaName="msdyn_iotdevice" displayName="IoT Device" solution="IoTConnector (1.8.18.0)" />
        <Dependent type="1" schemaName="account" displayName="Account" />
      </MissingDependency>
      <MissingDependency>
        <Required type="1" schemaName="msdyn_journalline" displayName="Journal Line" solution="ProjectService (3.10.0.31)" />
        <Dependent type="1" schemaName="account" displayName="Account" />
      </MissingDependency>
      <MissingDependency>
        <Required type="1" schemaName="msdyn_liveconversation" displayName="Ongoing conversation (Deprecated)" solution="OmnichannelBase (1.5.0.383)" />
        <Dependent type="1" schemaName="account" displayName="Account" />
      </MissingDependency>
      <MissingDependency>
        <Required type="1" schemaName="msdyn_ocliveworkitem" displayName="Conversation" solution="OmnichannelBase (1.5.0.383)" />
        <Dependent type="1" schemaName="account" displayName="Account" />
      </MissingDependency>
      <MissingDependency>
        <Required type="1" schemaName="msdyn_opportunitylinetransaction" displayName="Opportunity Line Detail (Deprecated)" solution="ProjectService (3.10.0.31)" />
        <Dependent type="1" schemaName="account" displayName="Account" />
      </MissingDependency>
      <MissingDependency>
        <Required type="1" schemaName="msdyn_orderlinetransaction" displayName="Project Contract Line Detail" solution="ProjectService (3.10.0.31)" />
        <Dependent type="1" schemaName="account" displayName="Account" />
      </MissingDependency>
      <MissingDependency>
        <Required type="1" schemaName="msdyn_payment" displayName="Payment" solution="FieldService (8.8.0.88)" />
        <Dependent type="1" schemaName="account" displayName="Account" />
      </MissingDependency>
      <MissingDependency>
        <Required type="1" schemaName="msdyn_project" displayName="Project" solution="ProjectService (3.10.0.31)" />
        <Dependent type="1" schemaName="account" displayName="Account" />
      </MissingDependency>
      <MissingDependency>
        <Required type="1" schemaName="msdyn_purchaseorder" displayName="Purchase Order" solution="FieldServiceCommon (1.0.0.134)" />
        <Dependent type="1" schemaName="account" displayName="Account" />
      </MissingDependency>
      <MissingDependency>
        <Required type="1" schemaName="msdyn_quotelinetransaction" displayName="Quote Line Detail" solution="ProjectService (3.10.0.31)" />
        <Dependent type="1" schemaName="account" displayName="Account" />
      </MissingDependency>
      <MissingDependency>
        <Required type="1" schemaName="msdyn_requirementresourcepreference" displayName="Requirement Resource Preference" solution="MicrosoftDynamicsScheduling (3.12.0.448)" />
        <Dependent type="1" schemaName="account" displayName="Account" />
      </MissingDependency>
      <MissingDependency>
        <Required type="1" schemaName="msdyn_rma" displayName="RMA" solution="FieldService (8.8.0.88)" />
        <Dependent type="1" schemaName="account" displayName="Account" />
      </MissingDependency>
      <MissingDependency>
        <Required type="1" schemaName="msdyn_rmaproduct" displayName="RMA Product" solution="FieldService (8.8.0.88)" />
        <Dependent type="1" schemaName="account" displayName="Account" />
      </MissingDependency>
      <MissingDependency>
        <Required type="1" schemaName="msdyn_rtv" displayName="RTV" solution="FieldService (8.8.0.88)" />
        <Dependent type="1" schemaName="account" displayName="Account" />
      </MissingDependency>
      <MissingDependency>
        <Required type="1" schemaName="msdyn_taxcode" displayName="Tax Code" solution="FieldServiceCommon (1.0.0.134)" />
        <Dependent type="10" schemaName="msdyn_msdyn_taxcode_account_SalesTaxCode" displayName="msdyn_msdyn_taxcode_account_SalesTaxCode" parentSchemaName="msdyn_taxcode" parentDisplayName="Tax Code" />
      </MissingDependency>
      <MissingDependency>
        <Required type="1" schemaName="msdyn_workhourtemplate" displayName="Work template" solution="MicrosoftDynamicsScheduling (3.12.0.448)" />
        <Dependent type="10" schemaName="msdyn_msdyn_workhourtemplate_account_workhourtemplate" displayName="msdyn_msdyn_workhourtemplate_account_workhourtemplate" parentSchemaName="msdyn_workhourtemplate" parentDisplayName="Work template" />
      </MissingDependency>
      <MissingDependency>
        <Required type="1" schemaName="msdyn_workorder" displayName="Work Order" solution="FieldService (8.8.0.88)" />
        <Dependent type="1" schemaName="account" displayName="Account" />
      </MissingDependency>
      <MissingDependency>
        <Required type="1" schemaName="msdyn_workorderresourcerestriction" displayName="Resource Restriction (Deprecated)" solution="FieldService (8.8.0.88)" />
        <Dependent type="1" schemaName="account" displayName="Account" />
      </MissingDependency>
      <MissingDependency>
        <Required type="1" schemaName="new_store" displayName="Store" solution="Active" />
        <Dependent type="1" schemaName="account" displayName="Account" />
      </MissingDependency>
      <MissingDependency>
        <Required type="1" schemaName="opportunity" displayName="Opportunity" solution="msdynce_Sales (9.0.4.0076)" />
        <Dependent type="1" schemaName="account" displayName="Account" />
      </MissingDependency>
      <MissingDependency>
        <Required type="1" schemaName="opportunityproduct" displayName="Opportunity Line" solution="msdynce_Sales (9.0.4.0076)" />
        <Dependent type="1" schemaName="account" displayName="Account" />
      </MissingDependency>
      <MissingDependency>
        <Required type="1" schemaName="product" displayName="Product" solution="msdynce_ProductManagement (9.0.4.0066)" />
        <Dependent type="1" schemaName="account" displayName="Account" />
      </MissingDependency>
      <MissingDependency>
        <Required type="1" schemaName="quote" displayName="Quote" solution="msdynce_Sales (9.0.4.0076)" />
        <Dependent type="1" schemaName="account" displayName="Account" />
      </MissingDependency>
      <MissingDependency>
        <Required type="1" schemaName="quotedetail" displayName="Quote Line" solution="msdynce_Sales (9.0.4.0076)" />
        <Dependent type="1" schemaName="account" displayName="Account" />
      </MissingDependency>
      <MissingDependency>
        <Required type="1" schemaName="salesorder" displayName="Order" solution="msdynce_Sales (9.0.4.0076)" />
        <Dependent type="1" schemaName="account" displayName="Account" />
      </MissingDependency>
      <MissingDependency>
        <Required type="1" schemaName="territory" displayName="Territory" solution="msdynce_AppCommon (9.0.4.0066)" />
        <Dependent type="10" schemaName="msdyn_territory_account_ServiceTerritory" displayName="msdyn_territory_account_ServiceTerritory" parentSchemaName="territory" parentDisplayName="Territory" />
      </MissingDependency>
      <MissingDependency>
        <Required type="10" schemaName="msa_account_managingpartner" displayName="msa_account_managingpartner" parentSchemaName="account" parentDisplayName="Account" solution="MicrosoftPortalDependencies (9.2.2103.0)" />
        <Dependent type="2" schemaName="msa_managingpartneridname" parentSchemaName="account" parentDisplayName="Account" />
      </MissingDependency>
      <MissingDependency>
        <Required type="10" schemaName="msa_account_managingpartner" displayName="msa_account_managingpartner" parentSchemaName="account" parentDisplayName="Account" solution="MicrosoftPortalDependencies (9.2.2103.0)" />
        <Dependent type="2" schemaName="msa_managingpartneridyominame" parentSchemaName="account" parentDisplayName="Account" />
      </MissingDependency>
      <MissingDependency>
        <Required type="10" schemaName="msdyn_account_account_BillingAccount" displayName="msdyn_account_account_BillingAccount" parentSchemaName="account" parentDisplayName="Account" solution="FieldServiceCommon (1.0.0.134)" />
        <Dependent type="2" schemaName="msdyn_billingaccountname" parentSchemaName="account" parentDisplayName="Account" />
      </MissingDependency>
      <MissingDependency>
        <Required type="10" schemaName="msdyn_account_account_BillingAccount" displayName="msdyn_account_account_BillingAccount" parentSchemaName="account" parentDisplayName="Account" solution="FieldServiceCommon (1.0.0.134)" />
        <Dependent type="2" schemaName="msdyn_billingaccountyominame" parentSchemaName="account" parentDisplayName="Account" />
      </MissingDependency>
      <MissingDependency>
        <Required type="10" schemaName="msdyn_bookableresource_account_PreferredResource" displayName="msdyn_bookableresource_account_PreferredResource" parentSchemaName="bookableresource" parentDisplayName="Bookable Resource" solution="FieldService (8.8.0.88)" />
        <Dependent type="10" schemaName="msdyn_bookableresource_account_PreferredResource" displayName="msdyn_bookableresource_account_PreferredResource" parentSchemaName="bookableresource" parentDisplayName="Bookable Resource" />
      </MissingDependency>
      <MissingDependency>
        <Required type="10" schemaName="msdyn_bookableresource_account_PreferredResource" displayName="msdyn_bookableresource_account_PreferredResource" parentSchemaName="bookableresource" parentDisplayName="Bookable Resource" solution="FieldService (8.8.0.88)" />
        <Dependent type="2" schemaName="msdyn_preferredresourcename" parentSchemaName="account" parentDisplayName="Account" />
      </MissingDependency>
      <MissingDependency>
        <Required type="10" schemaName="msdyn_msdyn_taxcode_account_SalesTaxCode" displayName="msdyn_msdyn_taxcode_account_SalesTaxCode" parentSchemaName="msdyn_taxcode" parentDisplayName="Tax Code" solution="FieldService (8.8.0.88)" />
        <Dependent type="10" schemaName="msdyn_msdyn_taxcode_account_SalesTaxCode" displayName="msdyn_msdyn_taxcode_account_SalesTaxCode" parentSchemaName="msdyn_taxcode" parentDisplayName="Tax Code" />
      </MissingDependency>
      <MissingDependency>
        <Required type="10" schemaName="msdyn_msdyn_taxcode_account_SalesTaxCode" displayName="msdyn_msdyn_taxcode_account_SalesTaxCode" parentSchemaName="msdyn_taxcode" parentDisplayName="Tax Code" solution="FieldService (8.8.0.88)" />
        <Dependent type="2" schemaName="msdyn_salestaxcodename" parentSchemaName="account" parentDisplayName="Account" />
      </MissingDependency>
      <MissingDependency>
        <Required type="10" schemaName="msdyn_msdyn_workhourtemplate_account_workhourtemplate" displayName="msdyn_msdyn_workhourtemplate_account_workhourtemplate" parentSchemaName="msdyn_workhourtemplate" parentDisplayName="Work template" solution="FieldService (8.8.0.88)" />
        <Dependent type="10" schemaName="msdyn_msdyn_workhourtemplate_account_workhourtemplate" displayName="msdyn_msdyn_workhourtemplate_account_workhourtemplate" parentSchemaName="msdyn_workhourtemplate" parentDisplayName="Work template" />
      </MissingDependency>
      <MissingDependency>
        <Required type="10" schemaName="msdyn_msdyn_workhourtemplate_account_workhourtemplate" displayName="msdyn_msdyn_workhourtemplate_account_workhourtemplate" parentSchemaName="msdyn_workhourtemplate" parentDisplayName="Work template" solution="FieldService (8.8.0.88)" />
        <Dependent type="2" schemaName="msdyn_workhourtemplatename" parentSchemaName="account" parentDisplayName="Account" />
      </MissingDependency>
      <MissingDependency>
        <Required type="10" schemaName="msdyn_territory_account_ServiceTerritory" displayName="msdyn_territory_account_ServiceTerritory" parentSchemaName="territory" parentDisplayName="Territory" solution="FieldService (8.8.0.88)" />
        <Dependent type="10" schemaName="msdyn_territory_account_ServiceTerritory" displayName="msdyn_territory_account_ServiceTerritory" parentSchemaName="territory" parentDisplayName="Territory" />
      </MissingDependency>
      <MissingDependency>
        <Required type="10" schemaName="msdyn_territory_account_ServiceTerritory" displayName="msdyn_territory_account_ServiceTerritory" parentSchemaName="territory" parentDisplayName="Territory" solution="FieldService (8.8.0.88)" />
        <Dependent type="2" schemaName="msdyn_serviceterritoryname" parentSchemaName="account" parentDisplayName="Account" />
      </MissingDependency>
      <MissingDependency>
        <Required type="2" schemaName="defaultpricelevelid" displayName="Product Price List" parentSchemaName="account" parentDisplayName="Account" solution="msdynce_ProductManagement (9.0.4.0066)" />
        <Dependent type="60" displayName="Information" parentDisplayName="Account" id="{b053a39a-041a-4356-acef-ddf00182762b}" />
      </MissingDependency>
      <MissingDependency>
        <Required type="2" schemaName="msa_managingpartnerid" displayName="Managing Partner" parentSchemaName="account" parentDisplayName="Account" solution="MicrosoftPortalDependencies (9.2.2103.0)" />
        <Dependent type="10" schemaName="msa_account_managingpartner" displayName="msa_account_managingpartner" parentSchemaName="account" parentDisplayName="Account" />
      </MissingDependency>
      <MissingDependency>
        <Required type="2" schemaName="msdyn_billingaccount" displayName="Billing Account" parentSchemaName="account" parentDisplayName="Account" solution="FieldServiceCommon (1.0.0.134)" />
        <Dependent type="10" schemaName="msa_account_managingpartner" displayName="msa_account_managingpartner" parentSchemaName="account" parentDisplayName="Account" />
      </MissingDependency>
      <MissingDependency>
        <Required type="2" schemaName="msdyn_preferredresource" displayName="Preferred Resource (Deprecated)" parentSchemaName="account" parentDisplayName="Account" solution="FieldService (8.8.0.88)" />
        <Dependent type="10" schemaName="msdyn_bookableresource_account_PreferredResource" displayName="msdyn_bookableresource_account_PreferredResource" parentSchemaName="bookableresource" parentDisplayName="Bookable Resource" />
      </MissingDependency>
      <MissingDependency>
        <Required type="2" schemaName="msdyn_salestaxcode" displayName="Sales Tax Code" parentSchemaName="account" parentDisplayName="Account" solution="FieldService (8.8.0.88)" />
        <Dependent type="10" schemaName="msdyn_msdyn_taxcode_account_SalesTaxCode" displayName="msdyn_msdyn_taxcode_account_SalesTaxCode" parentSchemaName="msdyn_taxcode" parentDisplayName="Tax Code" />
      </MissingDependency>
      <MissingDependency>
        <Required type="2" schemaName="msdyn_serviceterritory" displayName="Service Territory" parentSchemaName="account" parentDisplayName="Account" solution="FieldService (8.8.0.88)" />
        <Dependent type="10" schemaName="msdyn_territory_account_ServiceTerritory" displayName="msdyn_territory_account_ServiceTerritory" parentSchemaName="territory" parentDisplayName="Territory" />
      </MissingDependency>
      <MissingDependency>
        <Required type="2" schemaName="msdyn_workhourtemplate" displayName="Work Hour Template" parentSchemaName="account" parentDisplayName="Account" solution="FieldService (8.8.0.88)" />
        <Dependent type="10" schemaName="msdyn_msdyn_workhourtemplate_account_workhourtemplate" displayName="msdyn_msdyn_workhourtemplate_account_workhourtemplate" parentSchemaName="msdyn_workhourtemplate" parentDisplayName="Work template" />
      </MissingDependency>
      <MissingDependency>
        <Required type="2" schemaName="originatingleadid" displayName="Originating Lead" parentSchemaName="account" parentDisplayName="Account" solution="msdynce_LeadManagement (9.0.4.0066)" />
        <Dependent type="60" displayName="Information" parentDisplayName="Account" id="{b053a39a-041a-4356-acef-ddf00182762b}" />
      </MissingDependency>
      <MissingDependency>
        <Required type="2" schemaName="originatingleadid" displayName="Originating Lead" parentSchemaName="account" parentDisplayName="Account" solution="msdynce_LeadManagement (9.0.4.0066)" />
        <Dependent type="60" displayName="Account for Multisession experience" parentDisplayName="Account" id="{ff49442f-8c60-4877-bdae-8fe51e6f4636}" />
      </MissingDependency>
      <MissingDependency>
        <Required type="2" schemaName="territoryid" displayName="Territory" parentSchemaName="account" parentDisplayName="Account" solution="msdynce_Sales (9.0.4.0076)" />
        <Dependent type="60" displayName="Information" parentDisplayName="Account" id="{b053a39a-041a-4356-acef-ddf00182762b}" />
      </MissingDependency>
      <MissingDependency>
        <Required type="2" schemaName="bookableresourceid" displayName="Bookable Resource" parentSchemaName="bookableresource" parentDisplayName="Bookable Resource" solution="msdynce_Scheduling (9.0.0.0)" />
        <Dependent type="10" schemaName="msdyn_bookableresource_account_PreferredResource" displayName="msdyn_bookableresource_account_PreferredResource" parentSchemaName="bookableresource" parentDisplayName="Bookable Resource" />
      </MissingDependency>
      <MissingDependency>
        <Required type="2" schemaName="name" displayName="Name" parentSchemaName="bookableresource" parentDisplayName="Bookable Resource" solution="msdynce_Scheduling (9.0.0.0)" />
        <Dependent type="10" schemaName="msdyn_bookableresource_account_PreferredResource" displayName="msdyn_bookableresource_account_PreferredResource" parentSchemaName="bookableresource" parentDisplayName="Bookable Resource" />
      </MissingDependency>
      <MissingDependency>
        <Required type="2" schemaName="msdyn_name" displayName="Name" parentSchemaName="msdyn_taxcode" parentDisplayName="Tax Code" solution="FieldServiceCommon (1.0.0.134)" />
        <Dependent type="10" schemaName="msdyn_msdyn_taxcode_account_SalesTaxCode" displayName="msdyn_msdyn_taxcode_account_SalesTaxCode" parentSchemaName="msdyn_taxcode" parentDisplayName="Tax Code" />
      </MissingDependency>
      <MissingDependency>
        <Required type="2" schemaName="msdyn_taxcodeid" displayName="Tax Code" parentSchemaName="msdyn_taxcode" parentDisplayName="Tax Code" solution="FieldServiceCommon (1.0.0.134)" />
        <Dependent type="10" schemaName="msdyn_msdyn_taxcode_account_SalesTaxCode" displayName="msdyn_msdyn_taxcode_account_SalesTaxCode" parentSchemaName="msdyn_taxcode" parentDisplayName="Tax Code" />
      </MissingDependency>
      <MissingDependency>
        <Required type="2" schemaName="msdyn_name" displayName="Name" parentSchemaName="msdyn_workhourtemplate" parentDisplayName="Work template" solution="MicrosoftDynamicsScheduling (3.12.0.448)" />
        <Dependent type="10" schemaName="msdyn_msdyn_workhourtemplate_account_workhourtemplate" displayName="msdyn_msdyn_workhourtemplate_account_workhourtemplate" parentSchemaName="msdyn_workhourtemplate" parentDisplayName="Work template" />
      </MissingDependency>
      <MissingDependency>
        <Required type="2" schemaName="msdyn_workhourtemplateid" displayName="Work Template" parentSchemaName="msdyn_workhourtemplate" parentDisplayName="Work template" solution="MicrosoftDynamicsScheduling (3.12.0.448)" />
        <Dependent type="10" schemaName="msdyn_msdyn_workhourtemplate_account_workhourtemplate" displayName="msdyn_msdyn_workhourtemplate_account_workhourtemplate" parentSchemaName="msdyn_workhourtemplate" parentDisplayName="Work template" />
      </MissingDependency>
      <MissingDependency>
        <Required type="2" schemaName="name" displayName="Territory Name" parentSchemaName="territory" parentDisplayName="Territory" solution="msdynce_AppCommon (9.0.4.0066)" />
        <Dependent type="10" schemaName="msdyn_territory_account_ServiceTerritory" displayName="msdyn_territory_account_ServiceTerritory" parentSchemaName="territory" parentDisplayName="Territory" />
      </MissingDependency>
      <MissingDependency>
        <Required type="2" schemaName="territoryid" displayName="Territory" parentSchemaName="territory" parentDisplayName="Territory" solution="msdynce_AppCommon (9.0.4.0066)" />
        <Dependent type="10" schemaName="msdyn_territory_account_ServiceTerritory" displayName="msdyn_territory_account_ServiceTerritory" parentSchemaName="territory" parentDisplayName="Territory" />
      </MissingDependency>
      <MissingDependency>
        <Required type="20" displayName="CSR Manager" solution="msdynce_Service (9.0.5.56)" id="{16603b19-7e23-49af-87c7-bf43714172bd}" parentId="{1808b939-dd07-4ca7-aa99-ddd2734378f1}" />
        <Dependent type="60" displayName="Account for Multisession experience" parentDisplayName="Account" id="{ff49442f-8c60-4877-bdae-8fe51e6f4636}" />
      </MissingDependency>
      <MissingDependency>
        <Required type="20" displayName="Customer service app access" solution="msdynce_Customerservicehub (9.0.5.0056)" id="{3dac4d9e-568c-e611-80d4-00155d42a122}" />
        <Dependent type="60" displayName="Account for Multisession experience" parentDisplayName="Account" id="{ff49442f-8c60-4877-bdae-8fe51e6f4636}" />
      </MissingDependency>
      <MissingDependency>
        <Required type="20" displayName="Customer Service Representative" solution="msdynce_Service (9.0.5.56)" id="{c66db946-a3f9-4b60-9653-deb2b2dd3320}" parentId="{ecfd0b44-5720-45e3-ae68-417ddb0fb654}" />
        <Dependent type="60" displayName="Account for Multisession experience" parentDisplayName="Account" id="{ff49442f-8c60-4877-bdae-8fe51e6f4636}" />
      </MissingDependency>
      <MissingDependency>
        <Required type="26" schemaName="My Active Cases" displayName="My Active Cases" parentSchemaName="incident" parentDisplayName="Case" solution="msdynce_Service (9.0.5.56)" id="{00000000-0000-0000-00aa-000010001028}" />
        <Dependent type="60" displayName="Account for Multisession experience" parentDisplayName="Account" id="{ff49442f-8c60-4877-bdae-8fe51e6f4636}" />
      </MissingDependency>
      <MissingDependency>
        <Required type="26" schemaName="Active Cases" displayName="Active Cases" parentSchemaName="incident" parentDisplayName="Case" solution="msdynce_Service (9.0.5.56)" id="{00000000-0000-0000-00aa-000010001032}" />
        <Dependent type="60" displayName="Account for Multisession experience" parentDisplayName="Account" id="{ff49442f-8c60-4877-bdae-8fe51e6f4636}" />
      </MissingDependency>
      <MissingDependency>
        <Required type="26" schemaName="All Accounts" displayName="All Accounts" parentSchemaName="account" parentDisplayName="Account" solution="msdynce_AppCommon (9.0.4.0066)" id="{65ffaf9a-e8c5-432d-860b-32f841b00d87}" />
        <Dependent type="60" displayName="Accounts Dashboard" parentDisplayName="Account" id="{15915835-b87c-49ec-9ffc-bfac3ac44ef1}" />
      </MissingDependency>
      <MissingDependency>
        <Required type="59" schemaName="Active Cases by Agent" displayName="Active Cases by Agent" parentSchemaName="incident" parentDisplayName="Case" solution="msdynce_Service (9.0.5.56)" id="{4143b74e-4a07-4d01-9ffe-2cdcaa4208fd}" />
        <Dependent type="60" displayName="Account for Multisession experience" parentDisplayName="Account" id="{ff49442f-8c60-4877-bdae-8fe51e6f4636}" />
      </MissingDependency>
      <MissingDependency>
        <Required type="60" displayName="Accounts Dashboard" parentDisplayName="Account" solution="msdynce_Service (9.0.5.56)" id="{15915835-b87c-49ec-9ffc-bfac3ac44ef1}" />
        <Dependent type="60" displayName="Accounts Dashboard" parentDisplayName="Account" id="{15915835-b87c-49ec-9ffc-bfac3ac44ef1}" />
      </MissingDependency>
      <MissingDependency>
        <Required type="60" displayName="account contact card" parentDisplayName="Contact" solution="msdynce_AppCommon (9.0.4.0066)" id="{29de27bc-a257-4f29-99cf-bab4a84e688f}" />
        <Dependent type="60" displayName="Account for Multisession experience" parentDisplayName="Account" id="{ff49442f-8c60-4877-bdae-8fe51e6f4636}" />
      </MissingDependency>
      <MissingDependency>
        <Required type="60" displayName="Information" parentDisplayName="Account" solution="msdynce_AppCommon (9.0.4.0066)" id="{b053a39a-041a-4356-acef-ddf00182762b}" />
        <Dependent type="60" displayName="Information" parentDisplayName="Account" id="{b053a39a-041a-4356-acef-ddf00182762b}" />
      </MissingDependency>
      <MissingDependency>
        <Required type="60" displayName="Account for Multisession experience" parentDisplayName="Account" solution="msdynce_ServicePatch201911 (9.0.21062.1009)" id="{ff49442f-8c60-4877-bdae-8fe51e6f4636}" />
        <Dependent type="60" displayName="Account for Multisession experience" parentDisplayName="Account" id="{ff49442f-8c60-4877-bdae-8fe51e6f4636}" />
      </MissingDependency>
      <MissingDependency>
        <Required type="61" schemaName="AppCommon/Account/Account_main_system_library.js" displayName="AppCommon/Account/Account_main_system_library.js" solution="msdynce_AppCommon (9.0.4.0066)" />
        <Dependent type="60" displayName="Account for Multisession experience" parentDisplayName="Account" id="{ff49442f-8c60-4877-bdae-8fe51e6f4636}" />
      </MissingDependency>
      <MissingDependency>
        <Required type="61" schemaName="msdyn_/ActivityFeeds.Form.js" displayName="msdyn_/ActivityFeeds.Form.js" solution="ActivityFeedsCore (9.0.0.0005)" />
        <Dependent type="60" displayName="Information" parentDisplayName="Account" id="{b053a39a-041a-4356-acef-ddf00182762b}" />
      </MissingDependency>
      <MissingDependency>
        <Required type="61" schemaName="msdyn_/ActivityFeeds.Form.js" displayName="msdyn_/ActivityFeeds.Form.js" solution="ActivityFeedsCore (9.0.0.0005)" />
        <Dependent type="60" displayName="Account for Multisession experience" parentDisplayName="Account" id="{ff49442f-8c60-4877-bdae-8fe51e6f4636}" />
      </MissingDependency>
      <MissingDependency>
        <Required type="61" schemaName="msdyn_/RecordWall.htm" displayName="msdyn_/RecordWall.htm" solution="ActivityFeedsCore (9.0.0.0005)" />
        <Dependent type="60" displayName="Information" parentDisplayName="Account" id="{b053a39a-041a-4356-acef-ddf00182762b}" />
      </MissingDependency>
      <MissingDependency>
        <Required type="61" schemaName="msdyn_/RecordWall.htm" displayName="msdyn_/RecordWall.htm" solution="ActivityFeedsCore (9.0.0.0005)" />
        <Dependent type="60" displayName="Account for Multisession experience" parentDisplayName="Account" id="{ff49442f-8c60-4877-bdae-8fe51e6f4636}" />
      </MissingDependency>
      <MissingDependency>
        <Required type="9" schemaName="hsl_purpose" displayName="Purpose" solution="Active" />
        <Dependent type="2" schemaName="hsl_purpose" displayName="Purpose" parentSchemaName="hsl_type" parentDisplayName="Type" />
      </MissingDependency>
    </MissingDependencies>
  </SolutionManifest>
</ImportExportXml>