<ImportConfig>
  <CrmImports>
    <ImportItem>
      <Name>Document Templates</Name>
      <FileName>documenttemplate\documenttemplates.xlsx</FileName>
      <LogicalName>documenttemplate</LogicalName>
      <ImportType>DocumentTemplate</ImportType>
    </ImportItem>
    <!-- Takes an update to get it to import properly with security roles -->
    <ImportItem>
      <Name>Document Templates</Name>
      <FileName>documenttemplate\documenttemplates.xlsx</FileName>
      <LogicalName>documenttemplate</LogicalName>
      <ImportType>DocumentTemplate</ImportType>
    </ImportItem>
  </CrmImports>
</ImportConfig>