<entities >
  <entity name="hsl_type" displayname="Type" etc="10297" primaryidfield="hsl_typeid" primarynamefield="hsl_name" disableplugins="false">
    <fields>
      <field displayname="Purpose" name="hsl_purpose" type="optionsetvalue" customfield="true" />
      <field displayname="Sort Order" name="hsl_sortorder" type="number" customfield="true" />
      <field displayname="Status" name="statecode" type="state" />
      <field displayname="Status Reason" name="statuscode" type="status" />
      <field displayname="Type" name="hsl_typeid" type="guid" primaryKey="true" />
      <field displayname="Name" name="hsl_name" type="string" customfield="true" />
    </fields>
  </entity>
  <entity name="team" displayname="Team" etc="9" primaryidfield="teamid" primarynamefield="name" disableplugins="false">
    <fields>
      <field displayname="Currency" name="transactioncurrencyid" type="entityreference" lookupType="transactioncurrency" />
      <field displayname="Default Queue" name="queueid" type="entityreference" lookupType="queue" />
      <field displayname="Description" name="description" type="string" />
      <field displayname="Email" name="emailaddress" type="string" />
      <field displayname="Exchange Rate" name="exchangerate" type="decimal" />
      <field displayname="Is Default" name="isdefault" type="bool" />
      <field displayname="Is System Managed" name="systemmanaged" type="bool" />
      <field displayname="Process" name="processid" type="guid" />
      <field displayname="Team" name="teamid" type="guid" primaryKey="true" />
      <field displayname="Team Name" name="name" type="string" />
      <field displayname="Team Type" name="teamtype" type="optionsetvalue" />
      <field displayname="Yomi Name" name="yominame" type="string" />
    </fields>
    <filter>&lt;filter type="and"&gt;
      &lt;condition attribute="isdefault" operator="eq" value="0" /&gt;
    &lt;/filter&gt;</filter>
  </entity>
  <entity name="hsl_productcover" displayname="Product Cover" etc="10296" primaryidfield="hsl_productcoverid" primarynamefield="hsl_name" disableplugins="false">
    <fields>
      <field displayname="Cover Code" name="hsl_covercode" type="string" customfield="true" />
      <field displayname="Name" name="hsl_name" type="string" customfield="true" />
      <field displayname="Product Cover" name="hsl_productcoverid" type="guid" primaryKey="true" />
      <field displayname="Status" name="statecode" type="state" />
      <field displayname="Status Reason" name="statuscode" type="status" />
    </fields>
  </entity>
  <entity name="knowledgearticle" displayname="Knowledge Article" etc="9953" primaryidfield="knowledgearticleid" primarynamefield="title" disableplugins="false">
    <fields>
      <field displayname="Article Public Number" name="articlepublicnumber" type="string" />
      <field displayname="Content" name="content" type="string" />
      <field displayname="Description" name="description" type="string" />
      <field displayname="ExchangeRate" name="exchangerate" type="decimal" />
      <field displayname="Expiration Date" name="expirationdate" type="datetime" />
      <field displayname="Expiration State Id" name="expirationstateid" type="number" />
      <field displayname="Expired Review Options" name="expiredreviewoptions" type="optionsetvalue" />
      <field displayname="Expired Status" name="expirationstatusid" type="number" />
      <field displayname="Import Sequence Number" name="importsequencenumber" type="number" />
      <field displayname="Internal" name="isinternal" type="bool" />
      <field displayname="Is Latest Version" name="islatestversion" type="bool" />
      <field displayname="Keywords" name="keywords" type="string" />
      <field displayname="Knowledge Article" name="knowledgearticleid" type="guid" primaryKey="true" />
      <field displayname="Knowledge Article View(Last Updated Time)" name="knowledgearticleviews_date" type="datetime" />
      <field displayname="Knowledge Article View(State)" name="knowledgearticleviews_state" type="number" />
      <field displayname="Knowledge Article Views" name="knowledgearticleviews" type="number" />
      <field displayname="Language" name="languagelocaleid" type="entityreference" lookupType="languagelocale" />
      <field displayname="Major Version Number" name="majorversionnumber" type="number" />
      <field displayname="Minor Version Number" name="minorversionnumber" type="number" />
      <field displayname="Parent Article Content Id" name="parentarticlecontentid" type="entityreference" lookupType="knowledgearticle" />
      <field displayname="Previous Article Content ID" name="previousarticlecontentid" type="entityreference" lookupType="knowledgearticle" />
      <field displayname="Primary Article" name="isprimary" type="bool" />
      <field displayname="Primary Author Id" name="primaryauthorid" type="entityreference" lookupType="systemuser" />
      <field displayname="Process Id" name="processid" type="guid" />
      <field displayname="Publish On" name="publishon" type="datetime" />
      <field displayname="Published Status" name="publishstatusid" type="number" />
      <field displayname="Rating" name="rating" type="decimal" />
      <field displayname="Rating(Count)" name="rating_count" type="number" />
      <field displayname="Rating(Last Updated Time)" name="rating_date" type="datetime" />
      <field displayname="Rating(State)" name="rating_state" type="number" />
      <field displayname="Rating(sum)" name="rating_sum" type="decimal" />
      <field displayname="Ready For Review" name="readyforreview" type="bool" />
      <field displayname="Record Created On" name="overriddencreatedon" type="datetime" />
      <field displayname="Review" name="review" type="optionsetvalue" />
      <field displayname="Root Article" name="isrootarticle" type="bool" />
      <field displayname="Root Article Id" name="rootarticleid" type="entityreference" lookupType="knowledgearticle" />
      <field displayname="Scheduled Status" name="scheduledstatusid" type="number" />
      <field displayname="Set Category Associations" name="setcategoryassociations" type="bool" />
      <field displayname="Set Product Associations" name="setproductassociations" type="bool" />
      <field displayname="Stage Id" name="stageid" type="guid" />
      <field displayname="Status" name="statecode" type="state" />
      <field displayname="Status Reason" name="statuscode" type="status" />
      <field displayname="Subject" name="subjectid" type="entityreference" lookupType="subject" />
      <field displayname="Time Zone Rule Version Number" name="timezoneruleversionnumber" type="number" />
      <field displayname="Title" name="title" type="string" />
      <field displayname="Update Content" name="updatecontent" type="bool" />
      <field displayname="UTC Conversion Time Zone Code" name="utcconversiontimezonecode" type="number" />
      <field displayname="versionnumber" name="versionnumber" type="bigint" />
    </fields>
  </entity>
  <entity name="hsl_configsetting" displayname="Config Setting" etc="10260" primaryidfield="hsl_configsettingid" primarynamefield="hsl_name" disableplugins="false">
    <fields>
      <field displayname="Secure Value" name="hsl_securevalue" type="string" customfield="true" />
      <field displayname="Status" name="statecode" type="state" />
      <field displayname="Status Reason" name="statuscode" type="status" />
      <field displayname="Config Setting" name="hsl_configsettingid" type="guid" primaryKey="true" />
      <field displayname="Name" name="hsl_name" type="string" customfield="true" />
    </fields>
  </entity>
  <entity name="uomschedule" displayname="Unit Group" etc="1056" primaryidfield="uomscheduleid" primarynamefield="name" disableplugins="false">
    <fields>
      <field displayname="Base Unit name" name="baseuomname" type="string" />
      <field displayname="Description" name="description" type="string" />
      <field displayname="Name" name="name" type="string" />
      <field displayname="Status" name="statecode" type="state" />
      <field displayname="Status Reason" name="statuscode" type="status" />
      <field displayname="Unit Group" name="uomscheduleid" type="guid" primaryKey="true" />
      <field displayname="UTC Conversion Time Zone Code" name="utcconversiontimezonecode" type="number" />
    </fields>
  </entity>
  <entity name="uom" displayname="Unit" etc="1055" primaryidfield="uomid" primarynamefield="name" disableplugins="false">
    <fields>
      <field displayname="Base Unit" name="baseuom" type="entityreference" lookupType="uom" />
      <field displayname="Is Schedule Base Unit" name="isschedulebaseuom" type="bool" />
      <field displayname="Name" name="name" type="string" />
      <field displayname="Quantity" name="quantity" type="decimal" />
      <field displayname="Unit" name="uomid" type="guid" primaryKey="true" />
      <field displayname="Unit Schedule" name="uomscheduleid" type="entityreference" lookupType="uomschedule" />
      <field displayname="UTC Conversion Time Zone Code" name="utcconversiontimezonecode" type="number" />
    </fields>
  </entity>
  <entity name="pricelevel" displayname="Price List" etc="1022" primaryidfield="pricelevelid" primarynamefield="name" disableplugins="false">
    <fields>
      <field displayname="Currency" name="transactioncurrencyid" type="entityreference" lookupType="transactioncurrency" />
      <field displayname="Description" name="description" type="string" />
      <field displayname="End Date" name="enddate" type="datetime" />
      <field displayname="Exchange Rate" name="exchangerate" type="decimal" />
      <field displayname="Freight Terms" name="freighttermscode" type="optionsetvalue" />
      <field displayname="Import Sequence Number" name="importsequencenumber" type="number" />
      <field displayname="Name" name="name" type="string" />
      <field displayname="Payment Method " name="paymentmethodcode" type="optionsetvalue" />
      <field displayname="Price List" name="pricelevelid" type="guid" primaryKey="true" />
      <field displayname="Record Created On" name="overriddencreatedon" type="datetime" />
      <field displayname="Shipping Method" name="shippingmethodcode" type="optionsetvalue" />
      <field displayname="Start Date" name="begindate" type="datetime" />
      <field displayname="Status " name="statecode" type="state" />
      <field displayname="Status Reason" name="statuscode" type="status" />
      <field displayname="Time Zone Rule Version Number" name="timezoneruleversionnumber" type="number" />
      <field displayname="UTC Conversion Time Zone Code" name="utcconversiontimezonecode" type="number" />
    </fields>
  </entity>
  <entity name="product" displayname="Product" etc="1024" primaryidfield="productid" primarynamefield="name" disableplugins="false">
    <fields>
      <field displayname="Currency" name="transactioncurrencyid" type="entityreference" lookupType="transactioncurrency" />
      <field displayname="Current Cost" name="currentcost" type="money" />
      <field displayname="Current Cost (Base)" name="currentcost_base" type="money" />
      <field displayname="Decimals Supported" name="quantitydecimal" type="number" />
      <field displayname="Default Price List" name="pricelevelid" type="entityreference" lookupType="pricelevel" />
      <field displayname="Default Unit" name="defaultuomid" type="entityreference" lookupType="uom" />
      <field displayname="Description" name="description" type="string" />
      <field displayname="Entity Image" name="entityimage" type="imagedata" />
      <field displayname="entityimageid" name="entityimageid" type="guid" />
      <field displayname="Exchange Rate" name="exchangerate" type="decimal" />
      <field displayname="Is Kit" name="iskit" type="bool" />
      <field displayname="List Price" name="price" type="money" />
      <field displayname="List Price (Base)" name="price_base" type="money" />
      <field displayname="Name" name="name" type="string" />
      <field displayname="Parent" name="parentproductid" type="entityreference" lookupType="product" />
      <field displayname="Process Id" name="processid" type="guid" />
      <field updateCompare="true" displayname="Product" name="productid" type="guid" primaryKey="true" />
      <field displayname="Product ID" name="productnumber" type="string" />
      <field displayname="Product Structure" name="productstructure" type="optionsetvalue" />
      <field displayname="Product Type" name="producttypecode" type="optionsetvalue" />
      <field displayname="Quantity On Hand" name="quantityonhand" type="decimal" />
      <field displayname="Size" name="size" type="string" />
      <field displayname="Standard Cost" name="standardcost" type="money" />
      <field displayname="Standard Cost (Base)" name="standardcost_base" type="money" />
      <field displayname="Status" name="statecode" type="state" />
      <field displayname="Status Reason" name="statuscode" type="status" />
      <field displayname="Stock Item" name="isstockitem" type="bool" />
      <field displayname="Stock Volume" name="stockvolume" type="decimal" />
      <field displayname="Stock Weight" name="stockweight" type="decimal" />
      <field displayname="Subject" name="subjectid" type="entityreference" lookupType="subject" />
      <field displayname="Supplier Name" name="suppliername" type="string" />
      <field displayname="Time Zone Rule Version Number" name="timezoneruleversionnumber" type="number" />
      <field displayname="Unit Group" name="defaultuomscheduleid" type="entityreference" lookupType="uomschedule" />
      <field displayname="URL" name="producturl" type="string" />
      <field displayname="Valid From" name="validfromdate" type="datetime" />
      <field displayname="Valid To" name="validtodate" type="datetime" />
      <field displayname="Vendor" name="vendorname" type="string" />
      <field displayname="Vendor Name" name="vendorpartnumber" type="string" />
      <field displayname="UTC Conversion Time Zone Code" name="utcconversiontimezonecode" type="number" />
    </fields>
  </entity>
  <entity name="subject" displayname="Subject" etc="129" primaryidfield="subjectid" primarynamefield="title" disableplugins="false">
    <fields>
      <field displayname="Description" name="description" type="string" />
      <field displayname="Feature Mask" name="featuremask" type="number" />
      <field displayname="Parent Subject" name="parentsubject" type="entityreference" lookupType="subject" />
      <field displayname="Subject" name="subjectid" type="guid" primaryKey="true" />
      <field displayname="Title" name="title" type="string" />
    </fields>
  </entity>
</entities>